职位名称,发布时间,薪资待遇,学历要求,公司名称,公司现状
1141CZ-智能化运维工程师-Python[深圳·南山区],00:00发布,15k-30k,经验1-3年 / 本科,平安科技,"科技金融,人工智能服务,软件服务｜咨询 / 上市公司 / 2000人以上"
高级 Python 工程师[深圳·南山区],23:50发布,25k-50k,经验5-10年 / 本科,AfterShip,"软件服务｜咨询,营销服务｜咨询,数据服务｜咨询 / B轮 / 150-500人"
初级Python研发工程师[北京·海淀区],23:35发布,8k-16k,经验不限 / 本科,云孚科技,人工智能服务 / 不需要融资 / 15-50人
python开发工程师（数据分析方向）[杭州·上城区],23:31发布,9k-18k,经验1-3年 / 本科,弘连网络,数据服务｜咨询 / A轮 / 150-500人
Python[杭州·萧山区],22:15发布,18k-30k,经验3-5年 / 本科,知衣科技,人工智能服务 / B轮 / 150-500人
高级python开发工程师[上海·虹梅路],21:31发布,22k-28k,经验5-10年 / 本科,问卷网@众言科技,工具类产品 / C轮 / 150-500人
python开发工程师[北京·中关村],21:27发布,30k-60k,经验不限 / 本科,微软（中国）有限公司,软件服务｜咨询 / 上市公司 / 2000人以上
python爬虫工程师[杭州·滨江区],21:21发布,10k-15k,经验1-3年 / 本科,乐其电商,"营销服务｜咨询,软件服务｜咨询 / 不需要融资 / 500-2000人"
python开发工程师[上海·长宁区],21:12发布,15k-23k,经验不限 / 本科,慧博云通,IT技术服务｜咨询 / 未融资 / 2000人以上
Python 爬虫工程师[深圳·南山区],20:55发布,15k-30k,经验不限 / 本科,领星,"软件服务｜咨询,数据服务｜咨询 / B轮 / 500-2000人"
Python高级软件工程师[广州·天河北],20:52发布,9k-18k,经验1-3年 / 本科,英荔教育,在线教育 / 天使轮 / 50-150人
Python爬虫工程师 (MJ000115)[深圳·西丽],20:37发布,15k-25k,经验3-5年 / 本科,万科泊寓,居住服务 / 上市公司 / 2000人以上
python开发工程师[杭州·浦沿],20:24发布,12k-18k,经验1-3年 / 本科,睿琪软件,软件服务｜咨询 / 不需要融资 / 150-500人
python开发工程师G00370[上海·黄浦区],20:22发布,12k-20k,经验1-3年 / 本科,谷露软件,工具类产品 / A轮 / 50-150人
python后端开发工程师[北京·朝阳门],20:00发布,11k-17k,经验在校/应届 / 本科,艾迈科斯媒体科技（北京）有限公司,"IT技术服务｜咨询,音频｜视频媒体 / B轮 / 150-500人"
1141JA-Python后端开发工程师[北京·朝阳区],00:00发布,15k-25k,经验3-5年 / 本科,平安科技,"科技金融,人工智能服务,软件服务｜咨询 / 上市公司 / 2000人以上"
Python数据分析工程师[上海·七宝],23:31发布,8k-15k,经验1-3年 / 本科,弘连网络,数据服务｜咨询 / A轮 / 150-500人
python后端开发工程师[上海·徐汇区],21:31发布,15k-28k,经验3-5年 / 本科,问卷网@众言科技,工具类产品 / C轮 / 150-500人
python讲师/编程老师（初高中）[广州·天河北],20:52发布,7k-14k,经验1-3年 / 大专,英荔教育,在线教育 / 天使轮 / 50-150人
python开发实习生G00375[上海·黄浦区],20:22发布,3k-6k,经验不限 / 本科,谷露软件,工具类产品 / A轮 / 50-150人
python后端开发工程师[北京·朝阳门],20:00发布,13k-25k,经验1-3年 / 本科,艾迈科斯媒体科技（北京）有限公司,"IT技术服务｜咨询,音频｜视频媒体 / B轮 / 150-500人"
Python高级开发工程师-双休[深圳·南山区],20:00发布,25k-45k,经验5-10年 / 大专,十方融海集团,在线教育 / A轮 / 500-2000人
python开发工程师[上海·长宁区],19:59发布,20k-30k,经验3-5年 / 本科,Zenxton,数据服务 / 未融资 / 500-2000人
python开发工程师[北京·五道口],19:52发布,11k-20k,经验1-3年 / 本科,GamesVessel,游戏 / 不需要融资 / 50-150人
python后端开发工程师[北京·望京],19:51发布,18k-35k,经验不限 / 本科,厨芯科技,"移动互联网,消费生活 / A轮 / 150-500人"
高级Python开发工程师[上海·杨浦区],19:50发布,15k-30k,经验3-5年 / 本科,CloudChef,人工智能服务 / B轮 / 50-150人
高级python开发工程师[北京·望京],19:48发布,15k-25k,经验5-10年 / 本科,我爱我家集团,房地产｜建筑｜物业 / 上市公司 / 2000人以上
python开发工程师[成都·锦江区],19:40发布,9k-11k,经验1-3年 / 本科,安迈云,人工智能服务 / 不需要融资 / 500-2000人
中间件工程师（Go/python）[北京·四惠],19:36发布,25k-50k,经验5-10年 / 本科,掌阅,"内容社区,音频｜视频媒体 / 上市公司 / 500-2000人"
后端开发工程师（python）[北京·五道口],19:32发布,26k-32k,经验1-3年 / 本科,聚信科技,移动互联网 / 未融资 / 15-50人
python后端开发（to b）[上海·徐汇区],21:31发布,18k-28k,经验3-5年 / 本科,问卷网@众言科技,工具类产品 / C轮 / 150-500人
高级python开发工程师（自研，非外包）[深圳·南山区],20:00发布,25k-35k,经验5-10年 / 本科,十方融海集团,在线教育 / A轮 / 500-2000人
python爬虫开发工程师[北京·望京],19:51发布,18k-36k,经验3-5年 / 本科,厨芯科技,"移动互联网,消费生活 / A轮 / 150-500人"
高级python测试开发(J483114)[北京·望京],19:48发布,15k-25k,经验5-10年 / 本科,我爱我家集团,房地产｜建筑｜物业 / 上市公司 / 2000人以上
Python 后端研发工程师[武汉·永清],19:30发布,10k-15k,经验在校/应届 / 本科,群智教练中心,"企业服务,教育 / 未融资 / 15-50人"
Python工程师 (MJ000993)[深圳·西丽],19:28发布,15k-30k,经验3-5年 / 本科,盈富斯,电商平台 / D轮及以上 / 500-2000人
python爬虫工程师[上海·江桥],19:27发布,18k-29k,经验1-3年 / 本科,典通资讯,电商 / 不需要融资 / 50-150人
高级python工程师[北京·中关村],19:17发布,15k-30k,经验3-5年 / 大专,OKAY智慧教育,"工具类产品,人工智能服务 / B轮 / 500-2000人"
python后端开发工程师[北京·朝阳区],19:17发布,18k-30k,经验1-3年 / 本科,北极数据,企业服务 / 天使轮 / 15-50人
python开发工程师[深圳·南山区],19:15发布,20k-40k,经验5-10年 / 本科,威尔视觉,IT技术服务｜咨询 / A轮 / 50-150人
python工程师[北京·海淀区],19:12发布,15k-30k,经验不限 / 本科,金果比特,"软件服务｜咨询,IT技术服务｜咨询,科技金融 / 未融资 / 50-150人"
校招-python开发工程师[广州·海珠区],19:12发布,8k-15k,经验在校/应届 / 本科,掌昆科技,游戏 / 不需要融资 / 150-500人
Python工程师（地铁口三分钟；大数据项目）[深圳·南山区],19:09发布,20k-30k,经验3-5年 / 大专,极联开发,软件开发 / 未融资 / 500-2000人
python后端开发工程师[上海·延吉],19:05发布,25k-45k,经验3-5年 / 本科,得物App,电商平台 / B轮 / 2000人以上
python开发工程师[上海·北新泾],19:01发布,13k-25k,经验3-5年 / 本科,北京瑞友,人工智能服务 / 上市公司 / 2000人以上
初级python[深圳·南山区],20:00发布,10k-15k,经验1-3年 / 本科,十方融海集团,在线教育 / A轮 / 500-2000人
c++/python/golang工程师[北京·中关村],19:17发布,20k-40k,经验5-10年 / 本科,OKAY智慧教育,"工具类产品,人工智能服务 / B轮 / 500-2000人"
Python技术专家[上海·延吉],19:05发布,60k-90k,经验5-10年 / 本科,得物App,电商平台 / B轮 / 2000人以上
后端开发工程师 (Python）(J5B9P)[北京·三元桥],18:59发布,13k-26k,经验1-3年 / 本科,MRS,人工智能服务 / A轮 / 15-50人
高级python开发工程师[上海·虹口区],18:54发布,15k-25k,经验3-5年 / 本科,纳纳科技,软件服务｜咨询 / 不需要融资 / 50-150人
后端开发工程师（python）[北京·立水桥],18:49发布,25k-40k,经验1-3年 / 本科,聚信科技,移动互联网 / 未融资 / 15-50人
web开发工程师（Python+JS）[上海·松江区],18:49发布,9k-17k,经验不限 / 本科,担路网,"移动互联网,企业服务 / 未融资 / 15-50人"
python开发工程师[上海·龙华],18:48发布,15k-30k,经验1-3年 / 本科,天壤智能,"移动互联网,企业服务 / A轮 / 150-500人"
python开发工程师（2022届）[成都·中和],18:45发布,4k-8k,经验在校/应届 / 本科,新蛋,电商平台 / 不需要融资 / 500-2000人
python开发方向，中级/高级/架构师[北京·四惠],18:44发布,30k-60k,经验3-5年 / 本科,君禾世纪,移动互联网 / 不需要融资 / 500-2000人
python开发工程师[广州·海珠区],18:36发布,10k-18k,经验3-5年 / 大专,派客朴食,"移动互联网,电商 / A轮 / 150-500人"
python开发工程师[上海·陆家嘴],18:34发布,16k-18k,经验1-3年 / 本科,坤亿科技,IT技术服务｜咨询 / 不需要融资 / 150-500人
python开发实习生G00375[上海·黄浦区],18:33发布,3k-6k,经验不限 / 本科,谷露软件,工具类产品 / A轮 / 50-150人
Python工程师[深圳·南山区],18:32发布,15k-30k,经验3-5年 / 本科,skyroam,IT技术服务｜咨询 / C轮 / 150-500人
python高级开发工程师[北京·北下关],18:31发布,30k-50k,经验1-3年 / 本科,言羽科技,"软件服务｜咨询,IT技术服务｜咨询,人工智能服务 / 不需要融资 / 50-150人"
中高级python开发工程师-自研/双休/餐补/车补[深圳·南山区],20:00发布,13k-25k,经验3-5年 / 大专,十方融海集团,在线教育 / A轮 / 500-2000人
python后端开发工程师[北京·中关村],19:17发布,20k-35k,经验3-5年 / 本科,OKAY智慧教育,"工具类产品,人工智能服务 / B轮 / 500-2000人"
宝马对话AI | 后端开发Python工程师(J779P)[北京·三元桥],18:59发布,13k-26k,经验1-3年 / 本科,MRS,人工智能服务 / A轮 / 15-50人
数据采集工程师（python）[上海·虹口区],18:54发布,15k-21k,经验3-5年 / 本科,纳纳科技,软件服务｜咨询 / 不需要融资 / 50-150人
python后端开发工程师[上海·松江区],18:49发布,7k-14k,经验不限 / 本科,担路网,"移动互联网,企业服务 / 未融资 / 15-50人"
python开发工程师[广州·海珠区],18:36发布,8k-16k,经验不限 / 不限,派客朴食,"移动互联网,电商 / A轮 / 150-500人"
python开发工程师[上海·陆家嘴],18:31发布,15k-30k,经验在校/应届 / 本科,言羽科技,"软件服务｜咨询,IT技术服务｜咨询,人工智能服务 / 不需要融资 / 50-150人"
Python开发工程师[北京·学院路],18:30发布,10k-20k,经验3-5年 / 本科,Gridsum 国双,"人工智能服务,IT技术服务｜咨询 / 上市公司 / 500-2000人"
Python开发工程师[广州·越秀区],18:30发布,6k-12k,经验在校/应届 / 本科,优路,不限 / 不需要融资 / 15-50人
python后端开发（Django rest framwork）[广州·体育中心],18:30发布,13k-25k,经验不限 / 不限,衣神科技,移动互联网 / 不需要融资 / 15-50人
高级量化开发工程师（python）[上海·望京],18:30发布,25k-45k,经验5-10年 / 本科,Amber Group,科技金融 / 不需要融资 / 150-500人
python开发工程师[上海·杨浦区],18:28发布,13k-19k,经验1-3年 / 本科,上海趣致,电商平台 / C轮 / 150-500人
python后端[武汉·东湖新技术开发区],18:27发布,9k-15k,经验1-3年 / 本科,森果云,IT技术服务｜咨询 / 天使轮 / 50-150人
python后端开发工程师[杭州·大关],18:27发布,10k-16k,经验3-5年 / 本科,游戏公国,"文娱丨内容,游戏 / 未融资 / 50-150人"
python研发经理[北京·海淀区],18:27发布,25k-50k,经验5-10年 / 本科,墨云科技,人工智能服务 / B轮 / 150-500人
高级python开发工程师[深圳·南山区],20:00发布,25k-35k,经验3-5年 / 本科,十方融海集团,在线教育 / A轮 / 500-2000人
Python后端开发工程师（应用开发方向）[上海·静安区],18:59发布,12k-24k,经验1-3年 / 本科,MRS,人工智能服务 / A轮 / 15-50人
高级python开发[上海·长阳路],18:54发布,20k-26k,经验3-5年 / 本科,纳纳科技,软件服务｜咨询 / 不需要融资 / 50-150人
Python Web工程师[上海·松江区],18:49发布,8k-15k,经验不限 / 本科,担路网,"移动互联网,企业服务 / 未融资 / 15-50人"
python开发工程师[广州·海珠区],18:36发布,10k-16k,经验1-3年 / 大专,派客朴食,"移动互联网,电商 / A轮 / 150-500人"
python开发工程师[上海·陆家嘴],18:31发布,20k-40k,经验不限 / 本科,言羽科技,"软件服务｜咨询,IT技术服务｜咨询,人工智能服务 / 不需要融资 / 50-150人"
中高级python开发工程师[广州·越秀区],18:30发布,20k-30k,经验3-5年 / 本科,优路,不限 / 不需要融资 / 15-50人
量化开发工程师（python）[上海·望京],18:30发布,20k-35k,经验3-5年 / 本科,Amber Group,科技金融 / 不需要融资 / 150-500人
高级Python开发后端工程师[武汉·东湖新技术开发区],18:27发布,15k-25k,经验5-10年 / 本科,森果云,IT技术服务｜咨询 / 天使轮 / 50-150人
Python 开发工程师[北京·西直门],18:27发布,20k-40k,经验3-5年 / 本科,墨云科技,人工智能服务 / B轮 / 150-500人
python爬虫工程师[深圳·科技园],18:27发布,10k-15k,经验1-3年 / 本科,O2OMind,数据服务｜咨询 / 未融资 / 15-50人
Python开发工程师[广州·越秀区],18:25发布,20k-40k,经验不限 / 本科,南方报业,文化传媒 / 不需要融资 / 2000人以上
研发效能Python后台开发工程师[深圳·南山区],18:23发布,15k-30k,经验3-5年 / 不限,富途,科技金融 / 上市公司 / 500-2000人
高级Python工程师(QPU2)[广州·海珠区],18:22发布,15k-22k,经验5-10年 / 本科,齿轮易创,软件服务｜咨询 / A轮 / 50-150人
Java/Python[北京·白石桥],18:21发布,9k-18k,经验在校/应届 / 本科,石云科技,"企业服务,金融 / 不需要融资 / 50-150人"
后端研发工程师(Python)(JB79P)[上海·静安区],18:59发布,13k-26k,经验1-3年 / 本科,MRS,人工智能服务 / A轮 / 15-50人
python开发工程师[上海·虹口区],18:54发布,15k-25k,经验3-5年 / 本科,纳纳科技,软件服务｜咨询 / 不需要融资 / 50-150人
量化开发工程师（python）[深圳·南山区],18:30发布,20k-35k,经验3-5年 / 本科,Amber Group,科技金融 / 不需要融资 / 150-500人
Android研发(往python后端培养)[武汉·洪山区],18:27发布,8k-14k,经验不限 / 本科,森果云,IT技术服务｜咨询 / 天使轮 / 50-150人
Python爬虫实习生[深圳·科技园],18:27发布,4k-6k,经验在校/应届 / 本科,O2OMind,数据服务｜咨询 / 未融资 / 15-50人
研发效能Python后台开发工程师[深圳·南山区],18:23发布,15k-30k,经验3-5年 / 本科,富途,科技金融 / 上市公司 / 500-2000人
python开发工程师[北京·白石桥],18:21发布,9k-18k,经验在校/应届 / 本科,石云科技,"企业服务,金融 / 不需要融资 / 50-150人"
python开发工程师（J10181）[深圳·福田区],18:21发布,11k-20k,经验1-3年 / 本科,嘉为科技,"企业服务,数据服务 / B轮 / 500-2000人"
python开发工程师[深圳·罗湖区],18:20发布,14k-22k,经验5-10年 / 大专,金证睿服,软件服务｜咨询 / 上市公司 / 2000人以上
python后端开发工程师[北京·海淀区],18:16发布,20k-40k,经验3-5年 / 本科,八分量,"人工智能服务,区块链,信息安全 / 天使轮 / 50-150人"
python后端开发工程师[成都·高新区],18:16发布,10k-20k,经验1-3年 / 本科,萌想科技,工具类产品 / B轮 / 150-500人
python开发工程师[长沙·雨花区],18:16发布,8k-10k,经验1-3年 / 本科,湖南象盒网络科技有限公司,房产家居 / 未融资 / 2000人以上
python开发工程师[上海·龙华],18:16发布,25k-45k,经验3-5年 / 本科,天壤智能,"移动互联网,企业服务 / A轮 / 150-500人"
python后端开发工程师[深圳·南山区],18:15发布,20k-40k,经验3-5年 / 本科,寻找母星,生活服务 / A轮 / 50-150人
高级Python工程师(J3TU2)[北京·东城区],18:14发布,15k-30k,经验5-10年 / 本科,齿轮易创,软件服务｜咨询 / A轮 / 50-150人
高级Python开发工程师（平台研发方向）[上海·静安区],18:59发布,25k-48k,经验3-5年 / 本科,MRS,人工智能服务 / A轮 / 15-50人
python后端开发工程师[上海·长阳路],18:54发布,16k-25k,经验3-5年 / 本科,纳纳科技,软件服务｜咨询 / 不需要融资 / 50-150人
高级开发工程师（Node.js/Python/Go/Java)[香港·中西区],18:30发布,25k-50k,经验5-10年 / 不限,Amber Group,科技金融 / 不需要融资 / 150-500人
python后台[武汉·东湖新技术开发区],18:27发布,9k-16k,经验在校/应届 / 本科,森果云,IT技术服务｜咨询 / 天使轮 / 50-150人
python爬虫工程师[深圳·南山区],18:26发布,10k-15k,经验不限 / 大专,O2OMind,数据服务｜咨询 / 未融资 / 15-50人
资讯与社区-Python后台开发工程师[深圳·南山区],18:23发布,15k-30k,经验1-3年 / 本科,富途,科技金融 / 上市公司 / 500-2000人
python中高级开发[杭州·湖滨],18:16发布,20k-30k,经验3-5年 / 本科,八分量,"人工智能服务,区块链,信息安全 / 天使轮 / 50-150人"
Python开发工程师（实施）[上海·龙华],18:16发布,15k-30k,经验不限 / 本科,天壤智能,"移动互联网,企业服务 / A轮 / 150-500人"
python开发工程师[广州·海珠区],18:14发布,9k-12k,经验1-3年 / 大专,微创软件,IT技术服务｜咨询 / 不需要融资 / 2000人以上
python开发工程师[上海·北京西路],18:13发布,12k-24k,经验1-3年 / 本科,Student.com,居住服务 / C轮 / 150-500人
python工程师[北京·海淀区],18:12发布,15k-20k,经验3-5年 / 本科,开源中国,"社交平台,软件服务｜咨询 / B轮 / 150-500人"
Python后端开发工程师[深圳·科技园],18:11发布,13k-25k,经验1-3年 / 本科,Shopee,电商平台 / 上市公司 / 500-2000人
Python/RPA/.NET开发工程师[成都·高新区],18:10发布,8k-12k,经验1-3年 / 本科,普华永道成都SDC,专业服务｜咨询 / 不需要融资 / 2000人以上
python开发工程师[广州·珠江新城],18:07发布,15k-20k,经验3-5年 / 本科,中电金信,"IT技术服务｜咨询,软件服务｜咨询 / 不需要融资 / 2000人以上"
python开发工程师[深圳·南山区],18:07发布,10k-15k,经验1-3年 / 本科,博悦科创,IT技术服务｜咨询 / 不需要融资 / 500-2000人
Python开发实习生[上海·静安区],18:59发布,3k-6k,经验在校/应届 / 本科,MRS,人工智能服务 / A轮 / 15-50人
后端开发（python）[上海·长阳路],18:54发布,25k-35k,经验3-5年 / 本科,纳纳科技,软件服务｜咨询 / 不需要融资 / 50-150人
高级量化开发工程师（python）[深圳·南山区],18:30发布,25k-45k,经验5-10年 / 本科,Amber Group,科技金融 / 不需要融资 / 150-500人
python后端[武汉·江夏区],18:27发布,9k-16k,经验在校/应届 / 本科,森果云,IT技术服务｜咨询 / 天使轮 / 50-150人
Python爬虫实习生[深圳·南山区],18:26发布,4k-6k,经验在校/应届 / 大专,O2OMind,数据服务｜咨询 / 未融资 / 15-50人
python开发工程师[深圳·南山区],18:14发布,10k-15k,经验1-3年 / 本科,微创软件,IT技术服务｜咨询 / 不需要融资 / 2000人以上
高级python开发（知识图谱方向）[上海·张江],18:06发布,15k-30k,经验3-5年 / 本科,达观数据,"人工智能服务,数据服务｜咨询 / C轮 / 500-2000人"
python开发工程师[深圳·龙华新区],18:06发布,6k-12k,经验1-3年 / 本科,源中瑞科技,"移动互联网,电商 / 未融资 / 50-150人"
Python 开发工程师（数据汇聚、爬虫方向）[上海·普陀区],18:05发布,13k-22k,经验3-5年 / 本科,尔乐美讯文化传播,"文化传媒,新媒体 / 不需要融资 / 50-150人"
python实习[深圳·福田区],18:04发布,4k-6k,经验在校/应届 / 本科,北京筑龙信息技术有限责任公司,软件服务｜咨询 / D轮及以上 / 500-2000人
python开发工程师[西安·未央区],18:04发布,13k-20k,经验3-5年 / 本科,联通数字科技有限公司,"IT技术服务｜咨询,软件服务｜咨询 / 上市公司 / 2000人以上"
python开发工程师[北京·中关村],18:03发布,20k-25k,经验1-3年 / 本科,缔联科技,软件服务｜咨询 / B轮 / 50-150人
python后端开发工程师[深圳·新安],18:03发布,18k-25k,经验3-5年 / 大专,布桐游戏,游戏 / 不需要融资 / 50-150人
python开发工程师[广州·天河区],18:02发布,8k-15k,经验1-3年 / 本科,北京时空立方,游戏 / 未融资 / 500-2000人
python后端开发工程师[深圳·宝安区],17:58发布,15k-25k,经验3-5年 / 本科,血之缘,"医疗丨健康,软件开发 / 未融资 / 50-150人"
Python后端开发工程师（平台研发方向）[上海·静安区],18:59发布,18k-36k,经验1-3年 / 本科,MRS,人工智能服务 / A轮 / 15-50人
量化开发工程师（python）[北京·望京],18:30发布,20k-35k,经验3-5年 / 本科,Amber Group,科技金融 / 不需要融资 / 150-500人
高级python[上海·张江],18:06发布,18k-35k,经验3-5年 / 本科,达观数据,"人工智能服务,数据服务｜咨询 / C轮 / 500-2000人"
python后端开发工程师[北京·中关村],18:03发布,20k-25k,经验1-3年 / 本科,缔联科技,软件服务｜咨询 / B轮 / 50-150人
python开发工程师[深圳·新安],18:03发布,12k-18k,经验1-3年 / 大专,布桐游戏,游戏 / 不需要融资 / 50-150人
Python爬虫工程师[广州·天河区],18:02发布,10k-14k,经验1-3年 / 大专,北京时空立方,游戏 / 未融资 / 500-2000人
python开发[深圳·宝安区],17:58发布,15k-25k,经验3-5年 / 大专,血之缘,"医疗丨健康,软件开发 / 未融资 / 50-150人"
python开发工程师[北京·朝阳区],17:58发布,20k-40k,经验1-3年 / 本科,微观博易投资,金融业 / 未融资 / 50-150人
python开发工程师[深圳·南山区],17:57发布,15k-20k,经验3-5年 / 本科,隆数信息,IT技术服务｜咨询 / 不需要融资 / 50-150人
python爬虫工程师[深圳·科技园],17:56发布,8k-14k,经验1-3年 / 本科,微创软件,IT技术服务｜咨询 / 不需要融资 / 2000人以上
python/java全栈工程师[广州·越秀区],17:56发布,6k-10k,经验不限 / 本科,鸿蒙科技,IT技术服务｜咨询 / 未融资 / 50-150人
高级python开发工程师（后端）[北京·望京],17:54发布,30k-50k,经验3-5年 / 本科,蓝湖,工具类产品 / C轮 / 150-500人
python开发工程师[北京·海淀区],17:54发布,20k-35k,经验3-5年 / 本科,拉勾集团,"工具类产品,在线教育 / D轮及以上 / 500-2000人"
python开发实习生[上海·黄浦区],17:54发布,3k-6k,经验在校/应届 / 本科,谷露软件,工具类产品 / A轮 / 50-150人
python开发工程师[北京·西二旗],17:51发布,10k-20k,经验1-3年 / 本科,融智国创,"人工智能,软件开发 / 未融资 / 50-150人"
后端开发工程师（Python/Go/Node.js)[深圳·西丽],18:30发布,20k-40k,经验3-5年 / 本科,Amber Group,科技金融 / 不需要融资 / 150-500人
高级Python开发工程师[成都·武侯区],18:06发布,14k-20k,经验3-5年 / 本科,达观数据,"人工智能服务,数据服务｜咨询 / C轮 / 500-2000人"
python高级开发工程师[深圳·宝安区],17:58发布,18k-30k,经验5-10年 / 本科,血之缘,"医疗丨健康,软件开发 / 未融资 / 50-150人"
python开发工程师[深圳·南山区],17:57发布,15k-20k,经验3-5年 / 本科,隆数信息,IT技术服务｜咨询 / 不需要融资 / 50-150人
python开发工程师G00370[上海·黄浦区],17:54发布,15k-30k,经验不限 / 本科,谷露软件,工具类产品 / A轮 / 50-150人
python爬虫工程师[北京·海淀区],17:49发布,18k-22k,经验1-3年 / 本科,千里马,专业服务｜咨询 / 不需要融资 / 500-2000人
python开发工程师[深圳·龙华新区],17:49发布,15k-25k,经验3-5年 / 本科,万博时代,电商 / 未融资 / 150-500人
python爬虫工程师[北京·世界公园],17:48发布,12k-24k,经验3-5年 / 本科,中国指数研究院,"数据服务,其他 / 上市公司 / 2000人以上"
Python开发工程师（数据导出）[北京·海淀区],17:47发布,11k-18k,经验1-3年 / 本科,视野数科,科技金融 / A轮 / 50-150人
Python-后端开发工程师[杭州·西溪],17:47发布,15k-30k,经验3-5年 / 本科,艾耕科技,人工智能服务 / A轮 / 150-500人
Python开发工程师[深圳·科技园],17:46发布,13k-20k,经验3-5年 / 本科,金蝶账无忧,企业服务 / 不需要融资 / 50-150人
高级后端开发工程师（Python/golang）[深圳·新安],17:46发布,25k-45k,经验5-10年 / 本科,江行智能,智能硬件 / A轮 / 50-150人
python开发工程师[上海·闵行区],17:44发布,15k-30k,经验不限 / 本科,图灵量子,"智能硬件,物联网,信息安全 / 天使轮 / 50-150人"
python开发工程师[北京·中关村],17:43发布,16k-20k,经验1-3年 / 本科,微创软件,IT技术服务｜咨询 / 不需要融资 / 2000人以上
高级Python开发/Python开发[北京·立水桥],17:43发布,25k-50k,经验5-10年 / 硕士,极智嘉,"硬件,数据服务 / D轮及以上 / 2000人以上"
量化/高级量化系统开发工程师（Python/Node.js）[深圳·南山区],18:30发布,20k-40k,经验5-10年 / 本科,Amber Group,科技金融 / 不需要融资 / 150-500人
python开发工程师[上海·张江],18:06发布,14k-20k,经验1-3年 / 本科,达观数据,"人工智能服务,数据服务｜咨询 / C轮 / 500-2000人"
初级python开发工程师[深圳·宝安区],17:58发布,12k-17k,经验1-3年 / 本科,血之缘,"医疗丨健康,软件开发 / 未融资 / 50-150人"
Python研发工程师[深圳·龙华新区],17:49发布,12k-18k,经验1-3年 / 本科,万博时代,电商 / 未融资 / 150-500人
python爬虫工程师[北京·世界公园],17:48发布,15k-25k,经验3-5年 / 本科,中国指数研究院,"数据服务,其他 / 上市公司 / 2000人以上"
python开发工程师[北京·西单],17:47发布,10k-20k,经验1-3年 / 本科,视野数科,科技金融 / A轮 / 50-150人
后端开发实习生（Python）[杭州·西溪],17:47发布,4k-6k,经验在校/应届 / 本科,艾耕科技,人工智能服务 / A轮 / 150-500人
python软件开发工程师[深圳·科技园],17:46发布,12k-20k,经验3-5年 / 本科,金蝶账无忧,企业服务 / 不需要融资 / 50-150人
python后端开发工程师[上海·闵行区],17:44发布,15k-30k,经验3-5年 / 本科,图灵量子,"智能硬件,物联网,信息安全 / 天使轮 / 50-150人"
python开发工程师[深圳·西丽],17:43发布,13k-22k,经验3-5年 / 本科,中电金信,"IT技术服务｜咨询,软件服务｜咨询 / 不需要融资 / 2000人以上"
Python开发工程师[北京·甜水园],17:43发布,18k-30k,经验1-3年 / 本科,ZingFront智线,"IT技术服务｜咨询,数据服务｜咨询 / A轮 / 50-150人"
python开发工程师[深圳·南山区],17:41发布,20k-40k,经验3-5年 / 本科,成都拟合未来科技有限公司,智能硬件 / B轮 / 500-2000人
后端工程师（python）[上海·普陀区],17:41发布,15k-25k,经验不限 / 本科,庆科信息,软件服务｜咨询 / C轮 / 50-150人
高薪招聘 Scratch/Python编程老师（就近分配校区）[上海·北外滩],17:40发布,10k-15k,经验不限 / 本科,斯坦星球,教育 / B轮 / 500-2000人
高级python开发工程师[上海·虹梅路],17:40发布,20k-30k,经验5-10年 / 本科,问卷网@众言科技,工具类产品 / C轮 / 150-500人
高级量化开发工程师（python）[北京·望京],18:30发布,25k-45k,经验5-10年 / 本科,Amber Group,科技金融 / 不需要融资 / 150-500人
python实习生（22、23毕业）[上海·张江],18:06发布,4k-6k,经验在校/应届 / 本科,达观数据,"人工智能服务,数据服务｜咨询 / C轮 / 500-2000人"
python中级开发工程师[深圳·龙华新区],17:49发布,20k-40k,经验3-5年 / 本科,万博时代,电商 / 未融资 / 150-500人
Python工程师[北京·西单],17:47发布,25k-35k,经验5-10年 / 硕士,视野数科,科技金融 / A轮 / 50-150人
软件工程师（Python/PHP/Java）[北京·甜水园],17:43发布,18k-30k,经验3-5年 / 本科,ZingFront智线,"IT技术服务｜咨询,数据服务｜咨询 / A轮 / 50-150人"
python开发工程师[苏州·吴中区],17:40发布,11k-16k,经验3-5年 / 本科,问卷网@众言科技,工具类产品 / C轮 / 150-500人
python爬虫工程师[广州·珠江新城],17:40发布,11k-15k,经验1-3年 / 大专,企成科技,移动互联网 / 天使轮 / 15-50人
python[上海·龙柏],17:39发布,15k-30k,经验3-5年 / 本科,格林豪泰,服务业 / 上市公司 / 2000人以上
python爬虫工程师[重庆·渝北区],17:37发布,6k-10k,经验1-3年 / 本科,大司空,"数据服务,软件开发 / 未融资 / 150-500人"
python工程师[北京·五道口],17:37发布,11k-20k,经验3-5年 / 本科,易博中天,软件开发 / 不需要融资 / 50-150人
python开发工程师[深圳·东门],17:37发布,14k-20k,经验3-5年 / 本科,金证睿服,软件服务｜咨询 / 上市公司 / 2000人以上
python开发工程师[上海·上海影城],17:36发布,15k-30k,经验3-5年 / 本科,合阔信息,IT技术服务｜咨询 / B轮 / 50-150人
python后端研发工程师[北京·朝阳区],17:33发布,22k-35k,经验3-5年 / 本科,LBE 科技,移动互联网 / C轮 / 150-500人
高级python开发工程师[北京·朝阳区],17:32发布,20k-40k,经验5-10年 / 本科,北京雷石公司,移动互联网 / A轮 / 150-500人
服务端开发工程师（python/go）[北京·五道口],17:31发布,20k-40k,经验3-5年 / 本科,iHandy,游戏 / 不需要融资 / 150-500人
python开发工程师[深圳·龙华新区],17:49发布,20k-40k,经验5-10年 / 本科,万博时代,电商 / 未融资 / 150-500人
Python开发工程师[北京·海淀区],17:47发布,10k-14k,经验1-3年 / 本科,视野数科,科技金融 / A轮 / 50-150人
python开发工程师[武汉·关山],17:43发布,8k-15k,经验1-3年 / 本科,ZingFront智线,"IT技术服务｜咨询,数据服务｜咨询 / A轮 / 50-150人"
初级python工程师[苏州·吴中区],17:40发布,7k-12k,经验1-3年 / 本科,问卷网@众言科技,工具类产品 / C轮 / 150-500人
python[上海·长宁区],17:39发布,15k-25k,经验1-3年 / 本科,格林豪泰,服务业 / 上市公司 / 2000人以上
python开发工程师[北京·中关村],17:37发布,15k-25k,经验5-10年 / 本科,易博中天,软件开发 / 不需要融资 / 50-150人
Python数据分析师[北京·北七家],17:30发布,15k-20k,经验1-3年 / 本科,北京指南针,科技金融 / 上市公司 / 500-2000人
python开发工程师[成都·机投桥],17:30发布,10k-15k,经验3-5年 / 本科,四川弘和集团,移动互联网 / 未融资 / 150-500人
python开发工程师[上海·城隍庙],17:30发布,9k-12k,经验1-3年 / 本科,普元,软件服务｜咨询 / 不需要融资 / 500-2000人
python开发工程师[佛山·桂城],17:29发布,15k-30k,经验1-3年 / 本科,赢胜数科,IT技术服务｜咨询 / 上市公司 / 150-500人
Python算法工程师[上海·徐汇区],17:29发布,13k-20k,经验1-3年 / 本科,上海江煦信息科技,软件服务｜咨询 / 不需要融资 / 15-50人
机器学习平台研发工程师（Python）[深圳·南山区],17:26发布,20k-30k,经验3-5年 / 本科,八爪鱼,数据服务｜咨询 / B轮 / 150-500人
python爬虫工程师 (MJ000200)[杭州·余杭区],17:25发布,25k-35k,经验3-5年 / 本科,青团社,工具类产品 / C轮 / 150-500人
python高级开发工程师[广州·海珠区],17:24发布,15k-30k,经验3-5年 / 本科,数立方,数据服务｜咨询 / 上市公司 / 50-150人
Python爬虫开发工程师（双休+餐补+班车接送）[广州·天河区],17:24发布,10k-15k,经验1-3年 / 大专,上海中软华腾软件系统有限公司,IT技术服务｜咨询 / 上市公司 / 2000人以上
python后端开发工程师[深圳·龙华新区],17:49发布,15k-20k,经验3-5年 / 本科,万博时代,电商 / 未融资 / 150-500人
Python工程师[北京·西单],17:47发布,18k-25k,经验3-5年 / 硕士,视野数科,科技金融 / A轮 / 50-150人
资深python/php开发工程师[珠海·香洲区],17:43发布,13k-20k,经验3-5年 / 本科,ZingFront智线,"IT技术服务｜咨询,数据服务｜咨询 / A轮 / 50-150人"
python开发工程师[上海·虹梅路],17:40发布,13k-18k,经验3-5年 / 本科,问卷网@众言科技,工具类产品 / C轮 / 150-500人
Python数据分析工程师[上海·徐汇区],17:29发布,13k-20k,经验1-3年 / 本科,上海江煦信息科技,软件服务｜咨询 / 不需要融资 / 15-50人
python高级开发工程师[广州·海珠区],17:24发布,15k-30k,经验3-5年 / 本科,数立方,数据服务｜咨询 / 上市公司 / 50-150人
python数据开发工程师[上海·张江],17:23发布,12k-20k,经验1-3年 / 本科,申米信息,营销服务｜咨询 / 不需要融资 / 50-150人
python开发工程师[上海·张江],17:23发布,20k-40k,经验3-5年 / 本科,OPPO,智能硬件 / 不需要融资 / 2000人以上
python开发工程师[北京·海淀区],17:22发布,17k-20k,经验1-3年 / 本科,法本信息,"人工智能服务,IT技术服务｜咨询 / 上市公司 / 2000人以上"
python开发工程师[深圳·福田区],17:22发布,15k-30k,经验3-5年 / 本科,恒利咨询顾问,金融 / 上市公司 / 150-500人
python工程师[深圳·南山区],17:20发布,10k-15k,经验1-3年 / 本科,未来工场,"电商平台,制造业 / B轮 / 500-2000人"
Python后端开发工程师(J10054)[深圳·南山区],17:20发布,15k-30k,经验1-3年 / 不限,普渡科技,智能硬件 / C轮 / 2000人以上
python爬虫工程师[长沙·开福区],17:19发布,6k-10k,经验1-3年 / 本科,湖南芒果优秀网络科技有限公司,移动互联网 / A轮 / 50-150人
python开发工程师[北京·朝阳区],17:18发布,13k-20k,经验3-5年 / 本科,朗明润达,"数据服务,移动互联网 / 不需要融资 / 15-50人"
python爬虫实习生[成都·高新区],17:16发布,4k-6k,经验在校/应届 / 本科,光旋科技,信息安全 / 天使轮 / 15-50人
Python工程师[北京·海淀区],17:47发布,14k-18k,经验3-5年 / 本科,视野数科,科技金融 / A轮 / 50-150人
python高级开发工程师[广州·海珠区],17:24发布,15k-30k,经验3-5年 / 本科,数立方,数据服务｜咨询 / 上市公司 / 50-150人
Python课程老师[南京·玄武区],17:16发布,6k-10k,经验不限 / 本科,扇贝,"在线教育,工具类产品,内容社区 / B轮 / 150-500人"
python开发工程师[上海·北新泾],17:15发布,12k-18k,经验1-3年 / 本科,北京瑞友,人工智能服务 / 上市公司 / 2000人以上
python量化工程师[北京·大望路],17:15发布,15k-30k,经验3-5年 / 本科,同道大象,科技金融 / 不需要融资 / 50-150人
python开发工程师[深圳·南山区],17:13发布,10k-18k,经验3-5年 / 大专,达博威,企业服务 / 未融资 / 150-500人
高级python开发工程师[北京·海淀区],17:12发布,18k-35k,经验3-5年 / 本科,灵动音,其他 / A轮 / 15-50人
python开发工程师[深圳·南山区],17:12发布,10k-16k,经验1-3年 / 本科,博悦科创,IT技术服务｜咨询 / 不需要融资 / 500-2000人
python工程师[成都·高新区],17:09发布,10k-16k,经验3-5年 / 本科,无糖信息,"信息安全,数据服务｜咨询 / A轮 / 150-500人"
python/go开发工程师 (MJ005341)[深圳·西丽],17:09发布,20k-40k,经验3-5年 / 本科,深信服科技集团,"人工智能服务,信息安全 / 上市公司 / 2000人以上"
python开发工程师[深圳·罗湖区],17:09发布,10k-15k,经验1-3年 / 大专,美联集团,其他 / 上市公司 / 2000人以上
python开发工程师[西安·唐延路],17:09发布,6k-12k,经验在校/应届 / 本科,庖丁科技,"金融,数据服务 / A轮 / 50-150人"
python采集工程师[杭州·江南],17:08发布,18k-25k,经验3-5年 / 本科,恒生聚源,"金融,数据服务 / A轮 / 500-2000人"
python开发工程师[北京·海淀区],17:06发布,13k-18k,经验1-3年 / 本科,上海中软华腾软件系统有限公司,IT技术服务｜咨询 / 上市公司 / 2000人以上
python开发工程师[深圳·科技园],17:04发布,10k-19k,经验3-5年 / 大专,壹诺恒,人工智能服务 / 不需要融资 / 500-2000人
Python答疑老师[南京·玄武区],17:16发布,5k-9k,经验不限 / 不限,扇贝,"在线教育,工具类产品,内容社区 / B轮 / 150-500人"
python高级开发工程师[西安·高新技术产业开发区],17:09发布,15k-30k,经验不限 / 本科,庖丁科技,"金融,数据服务 / A轮 / 50-150人"
python工程师[杭州·余杭区],17:03发布,9k-17k,经验1-3年 / 本科,刀豆网络,"电商,文娱丨内容 / A轮 / 15-50人"
python爬虫工程师[北京·海淀区],17:01发布,13k-18k,经验1-3年 / 本科,视野数科,科技金融 / A轮 / 50-150人
高级python开发工程师[北京·建国门],17:00发布,16k-30k,经验5-10年 / 本科,万里开源,数据服务｜咨询 / 不需要融资 / 150-500人
Python后台开发（腾讯云平台，急招!）[深圳·南山区],16:59发布,15k-30k,经验3-5年 / 本科,纳实大数据,数据服务｜咨询 / 不需要融资 / 50-150人
python开发工程师[深圳·南山区],16:58发布,12k-18k,经验1-3年 / 本科,博悦科创,IT技术服务｜咨询 / 不需要融资 / 500-2000人
python开发工程师[北京·五道口],16:56发布,20k-30k,经验1-3年 / 硕士,AutoX,人工智能 / C轮 / 500-2000人
python后端研发工程师[北京·朝阳区],16:53发布,20k-30k,经验1-3年 / 本科,LBE 科技,移动互联网 / C轮 / 150-500人
Python开发⼯程师[上海·五角场],16:52发布,10k-15k,经验1-3年 / 本科,脉策科技,"数据服务｜咨询,人工智能服务 / B轮 / 150-500人"
Java/Golang/Python开发工程师（地点杭州/嘉兴）[上海·黄浦区],16:51发布,13k-25k,经验在校/应届 / 本科,南湖院,"人工智能服务,物联网,制造业 / 不需要融资 / 150-500人"
python高级开发工程师[上海·张江],16:50发布,30k-50k,经验5-10年 / 本科,CLPS,软件服务｜咨询 / 上市公司 / 500-2000人
python开发工程师[深圳·福田区],16:47发布,11k-22k,经验3-5年 / 本科,壹诺恒,人工智能服务 / 不需要融资 / 500-2000人
高级python开发工程师[武汉·江岸区],16:47发布,13k-20k,经验3-5年 / 本科,袁咸威科技,软件开发 / 未融资 / 50-150人
python后端开发工程师[海口·龙华区],16:45发布,12k-17k,经验1-3年 / 本科,煜象科技,"软件服务｜咨询,数据服务｜咨询 / B轮 / 150-500人"
python开发工程师[北京·四惠],16:53发布,25k-35k,经验3-5年 / 不限,LBE 科技,移动互联网 / C轮 / 150-500人
python开发(数据工程方向)[上海·五角场],16:52发布,15k-30k,经验不限 / 本科,脉策科技,"数据服务｜咨询,人工智能服务 / B轮 / 150-500人"
Java/Golang/Python开发工程师（地点杭州/嘉兴）[杭州·余杭区],16:51发布,13k-25k,经验在校/应届 / 本科,南湖院,"人工智能服务,物联网,制造业 / 不需要融资 / 150-500人"
python web开发工程师[北京·西二旗],16:44发布,10k-20k,经验1-3年 / 本科,融智国创,"人工智能,软件开发 / 未融资 / 50-150人"
python开发工程师[深圳·新安],16:43发布,20k-30k,经验3-5年 / 本科,德合人力资源服务,专业服务｜咨询 / 不需要融资 / 50-150人
python开发工程师[北京·西二旗],16:43发布,13k-16k,经验1-3年 / 本科,法本信息,"人工智能服务,IT技术服务｜咨询 / 上市公司 / 2000人以上"
python开发工程师[杭州·仓前],16:43发布,10k-20k,经验1-3年 / 本科,瑞网广通,"移动互联网,数据服务 / A轮 / 50-150人"
python开发工程师[上海·张江],16:41发布,12k-22k,经验1-3年 / 本科,清鹤科技,"数据服务｜咨询,人工智能服务,IT技术服务｜咨询 / 上市公司 / 150-500人"
高级python开发工程师[北京·朝阳区],16:38发布,20k-35k,经验5-10年 / 本科,北京雷石公司,移动互联网 / A轮 / 150-500人
python开发工程师[深圳·福田区],16:37发布,15k-25k,经验3-5年 / 大专,泰坦科技,IT技术服务｜咨询 / 不需要融资 / 50-150人
python开发工程师[武汉·关山],16:36发布,15k-25k,经验3-5年 / 大专,八爪网络,"工具类产品,IT技术服务｜咨询 / 未融资 / 150-500人"
python开发（周末双休、不加班）[广州·珠江新城],16:35发布,15k-22k,经验3-5年 / 本科,中电金信,"IT技术服务｜咨询,软件服务｜咨询 / 不需要融资 / 2000人以上"
python工程师[深圳·南山区],16:35发布,8k-15k,经验在校/应届 / 本科,昇腾技术,"人工智能服务,物联网,专业服务｜咨询 / 不需要融资 / 15-50人"
Python开发工程师（中高级）[广州·新港],16:34发布,12k-24k,经验3-5年 / 本科,润建股份,"网络通信,数据服务｜咨询,IT技术服务｜咨询 / 上市公司 / 2000人以上"
Python 开发工程师[上海·五角场],16:34发布,13k-25k,经验1-3年 / 本科,犀语科技,"数据服务｜咨询,人工智能服务,金融业 / A轮 / 50-150人"
python开发(系统开发方向)[上海·五角场],16:52发布,15k-30k,经验3-5年 / 本科,脉策科技,"数据服务｜咨询,人工智能服务 / B轮 / 150-500人"
python实习生[上海·五角场],16:34发布,10k-15k,经验在校/应届 / 本科,犀语科技,"数据服务｜咨询,人工智能服务,金融业 / A轮 / 50-150人"
python开发工程师[北京·西直门],16:27发布,10k-20k,经验1-3年 / 本科,中科软,IT技术服务｜咨询 / 上市公司 / 2000人以上
python开发工程师[成都·武侯区],16:27发布,15k-20k,经验1-3年 / 本科,阿加犀智能,"软件服务｜咨询,物联网,人工智能服务 / 天使轮 / 15-50人"
"python开发(非外包,13薪-15薪）[深圳·龙华新区]",16:26发布,20k-35k,经验5-10年 / 大专,万博时代,电商 / 未融资 / 150-500人
python开发工程师[上海·浦东新区],16:25发布,15k-20k,经验在校/应届 / 本科,1药网,电商平台 / 上市公司 / 500-2000人
python开发工程师[上海·江桥],16:22发布,10k-20k,经验1-3年 / 本科,小i机器人,"企业服务,数据服务 / 不需要融资 / 500-2000人"
python后台开发工程师[深圳·科技园],16:22发布,13k-15k,经验1-3年 / 本科,微创软件,IT技术服务｜咨询 / 不需要融资 / 2000人以上
python开发工程师[天津][天津·河东区],16:21发布,18k-20k,经验3-5年 / 本科,八分量,"人工智能服务,区块链,信息安全 / 天使轮 / 50-150人"
python开发工程师[北京·五道口],16:20发布,15k-20k,经验1-3年 / 本科,iHandy,游戏 / 不需要融资 / 150-500人
Python程序实习生[成都·双流县],16:19发布,3k-4k,经验在校/应届 / 不限,爱奇艺,音频｜视频媒体 / 上市公司 / 2000人以上
python开发工程师[上海·杨浦区],16:18发布,12k-20k,经验1-3年 / 本科,道客数码,"数据服务｜咨询,专业服务｜咨询,IT技术服务｜咨询 / 天使轮 / 15-50人"
python开发工程师（AI方向）[北京·上地],16:18发布,15k-25k,经验1-3年 / 本科,金鸿睿,"数据服务｜咨询,人工智能服务 / 未融资 / 50-150人"
python后端开发工程师[上海·徐汇区],16:17发布,9k-12k,经验1年以下 / 本科,问卷网@众言科技,工具类产品 / C轮 / 150-500人
【Base武汉高薪】Python后端工程师[杭州·西湖区],16:16发布,20k-28k,经验1-3年 / 本科,夜莺科技,企业服务 / B轮 / 500-2000人
python工程师(sre+devops方向)[上海·五角场],16:52发布,15k-30k,经验不限 / 本科,脉策科技,"数据服务｜咨询,人工智能服务 / B轮 / 150-500人"
python开发工程师[武汉·光谷],16:16发布,25k-40k,经验3-5年 / 本科,夜莺科技,企业服务 / B轮 / 500-2000人
Python开发工程师 (MJ000756)[深圳·福田区],16:14发布,20k-35k,经验3-5年 / 本科,万科物业,房地产｜建筑｜物业 / 不需要融资 / 2000人以上
python开发工程师[上海·洋泾],16:14发布,15k-30k,经验3-5年 / 本科,黑鲨科技,硬件 / 不需要融资 / 500-2000人
Python 后端研发工程师[武汉·永清],16:14发布,10k-15k,经验3-5年 / 本科,星动派,教育 / 不需要融资 / 15-50人
python开发工程师[深圳·福田区],16:12发布,12k-18k,经验1-3年 / 大专,同和科技,"移动互联网,金融 / 不需要融资 / 500-2000人"
python开发工程师[苏州·工业园区],16:11发布,10k-16k,经验3-5年 / 本科,八爪网络,"工具类产品,IT技术服务｜咨询 / 未融资 / 150-500人"
高级python开发工程师[深圳·坂田],16:10发布,20k-35k,经验3-5年 / 本科,科航人力资源服务,"人工智能,软件开发 / 未融资 / 2000人以上"
python开发工程师[上海·城隍庙],16:09发布,15k-30k,经验3-5年 / 本科,珞瑾数据,数据服务｜咨询 / A轮 / 50-150人
Python开发工程师（实习）[上海·潍坊],16:08发布,5k-10k,经验在校/应届 / 本科,玄信资产,科技金融 / 不需要融资 / 15-50人
Python 后台工程师[杭州·余杭区],16:07发布,15k-30k,经验不限 / 本科,EMQ 映云科技,物联网 / B轮 / 50-150人
python开发工程师[深圳·西丽],16:06发布,10k-20k,经验1-3年 / 本科,子蓝信息,IT技术服务｜咨询 / 不需要融资 / 150-500人
python开发工程师[上海·徐家汇],16:03发布,16k-20k,经验3-5年 / 本科,择仕企业管理,其他 / 未融资 / 150-500人
python开发工程师[青岛·即墨区],16:02发布,5k-10k,经验1-3年 / 大专,北京汇集信,"软件服务｜咨询,IT技术服务｜咨询,物联网 / 未融资 / 15-50人"
Golang/python工程师[成都·锦江区],15:58发布,30k-50k,经验5-10年 / 本科,百度,"人工智能服务,信息检索,科技金融 / 上市公司 / 2000人以上"
python开发工程师[上海·城隍庙],16:09发布,15k-30k,经验3-5年 / 本科,珞瑾数据,数据服务｜咨询 / A轮 / 50-150人
Python 后台工程师[昆明·五华区],16:07发布,10k-15k,经验不限 / 本科,EMQ 映云科技,物联网 / B轮 / 50-150人
python开发工程师[上海·徐家汇],15:59发布,15k-25k,经验3-5年 / 本科,择仕企业管理,其他 / 未融资 / 150-500人
Python助教[北京·海淀区],15:58发布,7k-14k,经验1-3年 / 本科,慕课网,在线教育 / 不需要融资 / 50-150人
python开发工程师[成都·武侯区],15:55发布,15k-18k,经验1-3年 / 大专,博彦科技,"人工智能服务,软件服务｜咨询,数据服务｜咨询 / 上市公司 / 2000人以上"
高级Python后端开发工程师[北京·学院路],15:54发布,25k-35k,经验3-5年 / 本科,木瓜移动,营销服务｜咨询 / D轮及以上 / 150-500人
python开发工程师[广州·番禺区],15:49发布,11k-18k,经验1-3年 / 本科,美琦佳成网络科技有限公司,"社交平台,MCN｜直播平台 / A轮 / 150-500人"
python开发工程师[上海·嘉定区],15:47发布,25k-30k,经验3-5年 / 本科,小i机器人,"企业服务,数据服务 / 不需要融资 / 500-2000人"
python开发工程师[深圳·福田区],15:43发布,14k-20k,经验3-5年 / 大专,博奥特科技,"IT技术服务｜咨询,软件服务｜咨询 / 未融资 / 500-2000人"
python开发工程师[深圳·南油],15:43发布,13k-18k,经验1-3年 / 本科,博悦科创,IT技术服务｜咨询 / 不需要融资 / 500-2000人
python数据分析工程师[深圳·龙华新区],15:42发布,10k-15k,经验1-3年 / 本科,富士康科技集团,制造业 / 上市公司 / 2000人以上
python爬虫工程师[重庆·渝北区],15:42发布,8k-12k,经验3-5年 / 本科,坚持一下科技,"软件服务｜咨询,IT技术服务｜咨询,人工智能服务 / 天使轮 / 15-50人"
高级Python开发工程师（核心）[北京·立水桥],15:41发布,20k-35k,经验3-5年 / 本科,快狗打车,"移动互联网,消费生活 / 不需要融资 / 500-2000人"
python开发工程师[上海·徐家汇],15:40发布,12k-18k,经验1-3年 / 本科,康嘉信息,"移动互联网,电商 / 不需要融资 / 50-150人"
python爬虫工程师[北京·西三旗],15:40发布,30k-50k,经验3-5年 / 本科,启客科技,"工具类产品,数据服务｜咨询,营销服务｜咨询 / B轮 / 500-2000人"
python后端开发工程师[昆明·五华区],16:07发布,10k-20k,经验在校/应届 / 本科,EMQ 映云科技,物联网 / B轮 / 50-150人
Python助教[北京·海淀区],15:58发布,10k-20k,经验1-3年 / 本科,慕课网,在线教育 / 不需要融资 / 50-150人
python测开工程师[成都·武侯区],15:55发布,12k-15k,经验1-3年 / 本科,博彦科技,"人工智能服务,软件服务｜咨询,数据服务｜咨询 / 上市公司 / 2000人以上"
python开发工程师[深圳·上沙],15:40发布,15k-20k,经验3-5年 / 大专,合生科技,IT技术服务｜咨询 / 未融资 / 50-150人
python开发实习生[北京·五道口],15:33发布,5k-8k,经验在校/应届 / 本科,聚亿科技,IT技术服务｜咨询 / 未融资 / 15-50人
python开发工程师[上海·漕河泾],15:31发布,13k-20k,经验1-3年 / 本科,云扩科技,智能硬件 / B轮 / 150-500人
python开发工程师[上海·五角场],15:30发布,25k-40k,经验1-3年 / 本科,速石科技,人工智能服务 / B轮 / 50-150人
高级python开发工程师[上海·徐汇区],15:26发布,15k-28k,经验3-5年 / 本科,雪浪数制,"数据服务｜咨询,人工智能服务 / B轮 / 150-500人"
python开发工程师[北京·西二旗],15:24发布,15k-25k,经验1-3年 / 本科,炫云,"软件服务｜咨询,影视｜动漫 / A轮 / 50-150人"
Python开发工程师4157[北京·海淀区],15:20发布,20k-28k,经验1-3年 / 本科,中寰卫星,移动互联网 / A轮 / 500-2000人
python后端开发工程师[上海·虹梅路],15:19发布,15k-30k,经验1-3年 / 本科,赛舵智能,"人工智能服务,软件服务｜咨询 / A轮 / 50-150人"
Python开发工程师 (MJ000228)[上海·徐汇区],15:18发布,18k-25k,经验3-5年 / 本科,数坤科技,医疗丨健康 / D轮及以上 / 500-2000人
python开发工程师[成都·高新区],15:17发布,8k-15k,经验1-3年 / 本科,普益智慧云,"科技金融,教育｜培训 / 天使轮 / 50-150人"
python开发工程师[北京·立水桥],15:17发布,20k-40k,经验不限 / 本科,途游,游戏 / B轮 / 500-2000人
python开发工程师[深圳·南山区],15:16发布,20k-40k,经验3-5年 / 本科,企知道,人工智能服务 / 未融资 / 2000人以上
Python 实习生[昆明·五华区],16:07发布,3k-5k,经验在校/应届 / 本科,EMQ 映云科技,物联网 / B轮 / 50-150人
Python教学实习生[北京·魏公村],15:58发布,2k-4k,经验在校/应届 / 不限,慕课网,在线教育 / 不需要融资 / 50-150人
python开发实习生[北京·五道口],15:33发布,5k-8k,经验不限 / 大专,聚亿科技,IT技术服务｜咨询 / 未融资 / 15-50人
python开发工程师[北京·海淀区],15:14发布,18k-25k,经验5-10年 / 本科,神州医疗,软件服务｜咨询 / 不需要融资 / 150-500人
python开发工程师[深圳·南油],15:14发布,12k-18k,经验1-3年 / 本科,博悦科创,IT技术服务｜咨询 / 不需要融资 / 500-2000人
22届校招-python后端开发[杭州·西湖],15:13发布,10k-20k,经验在校/应届 / 本科,艾耕科技,人工智能服务 / A轮 / 150-500人
python开发工程师[成都·高新区],15:12发布,12k-18k,经验3-5年 / 本科,无糖信息,"信息安全,数据服务｜咨询 / A轮 / 150-500人"
Python开发工程师 (MJ000413)[北京·中关村],15:11发布,20k-30k,经验1-3年 / 本科,LinkDoc,人工智能服务 / D轮及以上 / 500-2000人
JAVA/Python开发工程师（青岛）[青岛·中韩],15:11发布,15k-25k,经验3-5年 / 本科,高登世德金融,"软件服务｜咨询,数据服务｜咨询,科技金融 / B轮 / 50-150人"
python后端开发工程师[广州·海珠区],15:10发布,20k-30k,经验3-5年 / 大专,齿轮易创,IT技术服务｜咨询 / 不需要融资 / 50-150人
中高级Python开发工程师[北京·五道口],15:04发布,20k-40k,经验3-5年 / 本科,学堂在线,"移动互联网,教育 / B轮 / 150-500人"
python爬虫工程师[深圳·新安],14:58发布,20k-30k,经验3-5年 / 本科,德合人力资源服务,专业服务｜咨询 / 不需要融资 / 50-150人
python爬虫工程师[深圳·大冲],14:57发布,15k-25k,经验3-5年 / 本科,Nebula Brands,电商平台 / B轮 / 50-150人
python开发工程师（北京）[北京·后沙峪],14:57发布,30k-35k,经验3-5年 / 本科,众汇海成,专业服务｜咨询 / 不需要融资 / 15-50人
高级Python开发工程师[深圳·宝安区],14:56发布,20k-40k,经验3-5年 / 本科,海柔创新,智能硬件 / A轮 / 500-2000人
Python后端实习生[杭州·西湖区],15:13发布,4k-8k,经验在校/应届 / 本科,艾耕科技,人工智能服务 / A轮 / 150-500人
JAVA/Python开发工程师（深圳）[深圳·科技园],15:11发布,15k-25k,经验1-3年 / 本科,高登世德金融,"软件服务｜咨询,数据服务｜咨询,科技金融 / B轮 / 50-150人"
python开发工程师[西安·雁塔区],14:53发布,11k-22k,经验3-5年 / 大专,Wisdom Garden,软件服务｜咨询 / A轮 / 50-150人
Python工程师（智能家居公司）[深圳·宝安区],14:52发布,15k-30k,经验1-3年 / 本科,卧安科技,"物联网,智能硬件 / B轮 / 150-500人"
2022年校招-Python开发工程师（安全平台）[北京·北京站],14:51发布,10k-20k,经验在校/应届 / 本科,蓝诺微银,科技金融 / C轮 / 500-2000人
Python（厨芯科技）[北京·后沙峪],14:50发布,15k-30k,经验3-5年 / 本科,猎场企业管理咨询,"企业服务,其他 / 未融资 / 150-500人"
Python开发工程师 (MJ000032)[北京·海淀区],14:48发布,15k-25k,经验1-3年 / 本科,小冰,人工智能服务 / A轮 / 150-500人
RPA实施顾问（Python开发工程师）[上海·徐汇区],14:46发布,15k-30k,经验1-3年 / 本科,来也科技,移动互联网 / C轮 / 150-500人
python开发工程师[深圳·福田区],14:46发布,13k-20k,经验1-3年 / 大专,博奥特科技,"IT技术服务｜咨询,软件服务｜咨询 / 未融资 / 500-2000人"
python开发工程师[深圳·福田区],14:46发布,9k-14k,经验1-3年 / 大专,思芮信息,"专业服务｜咨询,IT技术服务｜咨询 / 未融资 / 2000人以上"
python开发工程师[广州·新港],14:44发布,12k-18k,经验1年以下 / 大专,虎曼科技,教育｜培训 / C轮 / 500-2000人
python算法工程师[上海·静安区],14:42发布,25k-35k,经验3-5年 / 本科,晶确科技,"数据服务,软件开发 / 未融资 / 50-150人"
python开发工程师[长沙·岳麓区],14:41发布,13k-17k,经验1-3年 / 大专,子蓝信息,IT技术服务｜咨询 / 不需要融资 / 150-500人
python开发工程师[西安·雁塔区],14:41发布,15k-30k,经验3-5年 / 本科,腾讯,"游戏,社交媒体,音频｜视频媒体 / 上市公司 / 2000人以上"
高级python开发工程师[北京·中关村],14:38发布,12k-20k,经验1-3年 / 本科,无极慧通,在线医疗 / A轮 / 50-150人
JAVA/Python开发工程师（广州）[广州·天河北],15:11发布,15k-25k,经验3-5年 / 本科,高登世德金融,"软件服务｜咨询,数据服务｜咨询,科技金融 / B轮 / 50-150人"
Python开发实习生 (MJ000263)[北京·海淀区],14:48发布,3k-6k,经验不限 / 本科,小冰,人工智能服务 / A轮 / 150-500人
售前咨询顾问（Python讲师）[北京·中关村],14:46发布,15k-30k,经验3-5年 / 本科,来也科技,移动互联网 / C轮 / 150-500人
python开发工程师[武汉·江夏区],14:41发布,15k-30k,经验3-5年 / 本科,腾讯,"游戏,社交媒体,音频｜视频媒体 / 上市公司 / 2000人以上"
Python高级工程师[西安·高新技术产业开发区],14:41发布,15k-30k,经验5-10年 / 不限,Wisdom Garden,软件服务｜咨询 / A轮 / 50-150人
python开发工程师[北京·中关村],14:38发布,12k-20k,经验1-3年 / 本科,无极慧通,在线医疗 / A轮 / 50-150人
python爬虫工程师[上海·浦东新区],14:36发布,9k-15k,经验1-3年 / 大专,蜜度信息,数据服务｜咨询 / C轮 / 500-2000人
高级python后端开发工程师[北京·海淀区],14:27发布,35k-70k,经验10年以上 / 硕士,Eano,"房地产｜建筑｜物业,IT技术服务｜咨询 / 天使轮 / 15-50人"
Python开发工程师[北京·昌平区],14:23发布,15k-30k,经验1-3年 / 本科,音悦荚,在线教育 / A轮 / 50-150人
python爬虫工程师[北京·海淀区],14:20发布,21k-30k,经验5-10年 / 大专,千里马,专业服务｜咨询 / 不需要融资 / 500-2000人
高级python开发工程师[上海·张江],14:15发布,20k-35k,经验5-10年 / 不限,我查查,物联网 / 不需要融资 / 150-500人
python开发工程师[北京·西北旺],14:14发布,13k-18k,经验3-5年 / 本科,微创软件,IT技术服务｜咨询 / 不需要融资 / 2000人以上
python开发工程师[北京·回龙观],14:14发布,25k-35k,经验3-5年 / 本科,中邮信息科技（北京）有限公司,软件服务｜咨询 / 不需要融资 / 500-2000人
python助教[北京·魏公村],14:12发布,8k-12k,经验不限 / 不限,慕课网,在线教育 / 不需要融资 / 50-150人
python开发师实习生[上海·陆家嘴],14:12发布,3k-6k,经验在校/应届 / 本科,威廉欧奈尔中国,"移动互联网,金融 / 未融资 / 15-50人"
JAVA/Python开发工程师（成都）[成都·高新区],15:11发布,10k-15k,经验1-3年 / 本科,高登世德金融,"软件服务｜咨询,数据服务｜咨询,科技金融 / B轮 / 50-150人"
Python开发工程师[西安·高新技术产业开发区],14:41发布,9k-15k,经验3-5年 / 不限,Wisdom Garden,软件服务｜咨询 / A轮 / 50-150人
python开发工程师[北京·西北旺],14:41发布,35k-40k,经验5-10年 / 本科,腾讯,"游戏,社交媒体,音频｜视频媒体 / 上市公司 / 2000人以上"
python后端开发工程师[北京·海淀区],14:27发布,12k-24k,经验不限 / 本科,Eano,"房地产｜建筑｜物业,IT技术服务｜咨询 / 天使轮 / 15-50人"
Python技术经理[北京·昌平区],14:23发布,30k-50k,经验3-5年 / 大专,音悦荚,在线教育 / A轮 / 50-150人
python开发实习生[上海·陆家嘴],14:12发布,3k-6k,经验在校/应届 / 本科,威廉欧奈尔中国,"移动互联网,金融 / 未融资 / 15-50人"
python开发工程师[杭州·仓前],14:11发布,10k-20k,经验1-3年 / 本科,门链科技,软件开发 / 不需要融资 / 150-500人
后端 leader-Python / Go[北京·小关],14:11发布,25k-50k,经验5-10年 / 本科,众汇海成,专业服务｜咨询 / 不需要融资 / 15-50人
python开发工程师[北京·永顺],14:10发布,20k-30k,经验1-3年 / 本科,青藤云安全,信息安全 / C轮 / 500-2000人
python爬虫工程师[深圳·宝安区],14:09发布,14k-19k,经验3-5年 / 大专,星意美,"软件开发,数据服务 / 未融资 / 15-50人"
python后端开发工程师[深圳·南山区],14:09发布,15k-30k,经验3-5年 / 本科,深度赋智,"软件服务｜咨询,人工智能服务 / 天使轮 / 50-150人"
Python 高级研发工程师[杭州·滨江区],14:09发布,16k-25k,经验1-3年 / 本科,达西,"软件服务｜咨询,数据服务｜咨询 / 不需要融资 / 150-500人"
Python开发工程师[上海·闵行区],14:09发布,20k-40k,经验3-5年 / 本科,走走中国,工具类产品 / 不需要融资 / 50-150人
软件开发工程师（python）[北京·展览路],14:07发布,25k-50k,经验5-10年 / 本科,昆仑数智,"IT技术服务｜咨询,信息安全,软件服务｜咨询 / 不需要融资 / 2000人以上"
python工程师[武汉·光谷],14:07发布,22k-35k,经验3-5年 / 不限,夜莺科技,企业服务 / B轮 / 500-2000人
JAVA/Python开发工程师（北京）[北京·海淀区],15:11发布,15k-25k,经验1-3年 / 本科,高登世德金融,"软件服务｜咨询,数据服务｜咨询,科技金融 / B轮 / 50-150人"
python实习生[上海·陆家嘴],14:12发布,3k-5k,经验在校/应届 / 本科,威廉欧奈尔中国,"移动互联网,金融 / 未融资 / 15-50人"
python开发工程师[北京·立水桥],14:07发布,25k-40k,经验3-5年 / 本科,快狗打车,"移动互联网,消费生活 / 不需要融资 / 500-2000人"
Python开发工程师[广州·客村],14:06发布,10k-20k,经验1-3年 / 本科,爱范儿,营销服务｜咨询 / 不需要融资 / 150-500人
Python AI开发工程师[深圳·龙岗区],14:06发布,15k-25k,经验3-5年 / 本科,音智达,"数据服务｜咨询,IT技术服务｜咨询 / 未融资 / 500-2000人"
python开发工程师[北京·海淀区],14:05发布,12k-20k,经验3-5年 / 本科,华风爱科,工具类产品 / 不需要融资 / 15-50人
高级python开发工程师[北京·北苑],14:05发布,20k-40k,经验3-5年 / 本科,北京雷石公司,移动互联网 / A轮 / 150-500人
python开发工程师[北京·西三旗],14:02发布,20k-30k,经验1-3年 / 本科,乐信圣文,游戏 / 不需要融资 / 150-500人
python高级开发工程师[广州·天河区],14:00发布,7k-14k,经验1-3年 / 大专,发业财务,企业服务 / 不需要融资 / 50-150人
python开发工程师[深圳·东门],14:00发布,16k-20k,经验5-10年 / 大专,博奥特科技,"IT技术服务｜咨询,软件服务｜咨询 / 未融资 / 500-2000人"
python开发工程师[深圳·新洲],13:59发布,12k-15k,经验1-3年 / 本科,贝猎,"工具类产品,信息安全,专业服务｜咨询 / 上市公司 / 2000人以上"
Python软件开发工程师[北京·来广营],13:59发布,15k-30k,经验3-5年 / 本科,慧点科技,企业服务 / 不需要融资 / 500-2000人
python工程师[北京·鼓楼],13:58发布,8k-10k,经验1-3年 / 本科,中工网,内容资讯 / 未融资 / 50-150人
python开发工程师[上海·张江],13:54发布,12k-20k,经验3-5年 / 大专,达观数据,"人工智能服务,数据服务｜咨询 / C轮 / 500-2000人"
python开发工程师[北京·朝阳区],13:43发布,20k-40k,经验不限 / 本科,菠萝踏歌智能,人工智能服务 / 天使轮 / 少于15人
Python开发工程师[广州·客村],14:06发布,20k-30k,经验3-5年 / 本科,爱范儿,营销服务｜咨询 / 不需要融资 / 150-500人
python开发工程师-校招[北京·西三旗],14:02发布,15k-25k,经验在校/应届 / 本科,乐信圣文,游戏 / 不需要融资 / 150-500人
python开发工程师（北京校招）[北京·来广营],13:59发布,10k-18k,经验在校/应届 / 硕士,慧点科技,企业服务 / 不需要融资 / 500-2000人
Python开发工程师[广州·天河区],13:58发布,5k-10k,经验不限 / 大专,发业财务,企业服务 / 不需要融资 / 50-150人
python开发工程师[苏州·相城区],13:54发布,10k-18k,经验3-5年 / 大专,达观数据,"人工智能服务,数据服务｜咨询 / C轮 / 500-2000人"
python后端开发工程师[深圳·大冲],13:43发布,12k-20k,经验1-3年 / 本科,翼果科技,数据服务 / 不需要融资 / 50-150人
python数据分析师[上海·静安区],13:41发布,12k-16k,经验1-3年 / 本科,宏慧网络,"数据服务｜咨询,IT技术服务｜咨询 / 不需要融资 / 15-50人"
Python培训讲师/课程开发[北京·石景山区],13:37发布,8k-15k,经验1-3年 / 本科,中教畅享,在线教育 / 不需要融资 / 150-500人
python后端开发工程师[北京·中关村],13:32发布,20k-40k,经验1-3年 / 本科,深尚科技,"企业服务,人工智能 / 天使轮 / 50-150人"
python开发工程师[杭州·西湖区],13:29发布,15k-30k,经验3-5年 / 本科,涂鸦智能,"物联网,智能硬件 / 上市公司 / 2000人以上"
python开发工程师[成都·神仙树],13:29发布,8k-12k,经验1-3年 / 本科,创立科技,物联网 / 上市公司 / 500-2000人
python开发工程师[杭州·西兴],13:28发布,15k-25k,经验3-5年 / 本科,亿咖通科技,智能硬件 / B轮 / 2000人以上
软件工程师（C++/ Python 机器人智能 校招/社招）[北京·西三旗],13:27发布,18k-35k,经验不限 / 本科,迁移科技,智能硬件 / A轮 / 50-150人
python开发工程师[上海·徐汇区],13:24发布,13k-18k,经验3-5年 / 本科,上海江煦信息科技,软件服务｜咨询 / 不需要融资 / 15-50人
高级python开发工程师(J10353)[长沙·岳麓区],13:20发布,18k-30k,经验3-5年 / 本科,华锐金融技术,"IT技术服务｜咨询,软件服务｜咨询 / C轮 / 500-2000人"
python开发实习生[北京·海淀区],13:54发布,5k-8k,经验在校/应届 / 本科,达观数据,"人工智能服务,数据服务｜咨询 / C轮 / 500-2000人"
python工程师[深圳·大冲],13:43发布,12k-20k,经验1-3年 / 本科,翼果科技,数据服务 / 不需要融资 / 50-150人
python后端开发工程师[杭州·西湖区],13:29发布,15k-30k,经验1-3年 / 本科,涂鸦智能,"物联网,智能硬件 / 上市公司 / 2000人以上"
python后端开发工程师[上海·杨浦区],13:14发布,16k-30k,经验3-5年 / 本科,源杉FIR.ai,"工具类产品,人工智能服务 / 不需要融资 / 15-50人"
高级后端开发工程师/ python开发工程师[北京·大兴区],13:12发布,20k-40k,经验3-5年 / 本科,优解未来,"软件服务｜咨询,人工智能服务,物联网 / 天使轮 / 15-50人"
python爬虫工程师[成都·高新区],13:06发布,12k-20k,经验3-5年 / 本科,购商云汇,电商 / 不需要融资 / 50-150人
python开发工程师[广州·天河区],13:03发布,8k-15k,经验不限 / 本科,德科信息,物联网 / 不需要融资 / 2000人以上
python工程师[上海·静安区],12:58发布,20k-40k,经验3-5年 / 本科,品览Pinlan,"人工智能服务,IT技术服务｜咨询 / A轮 / 150-500人"
Python开发工程师[杭州·西溪],12:19发布,8k-13k,经验不限 / 本科,云迪互联,"软件服务｜咨询,IT技术服务｜咨询,教育｜培训 / 未融资 / 15-50人"
python开发工程师[西安·雁塔区],12:17发布,20k-35k,经验5-10年 / 本科,北京盛安德,"移动互联网,企业服务 / 不需要融资 / 150-500人"
算法工程-Go/Python后端开发(J10997)[上海·张江],12:09发布,35k-60k,经验3-5年 / 本科,叮咚买菜,消费生活 / 上市公司 / 2000人以上
python/爬虫工程师[深圳·大冲],12:05发布,12k-19k,经验3-5年 / 大专,同和科技,"移动互联网,金融 / 不需要融资 / 500-2000人"
python爬虫工程师[北京·海淀区],11:58发布,15k-30k,经验5-10年 / 大专,千里马,专业服务｜咨询 / 不需要融资 / 500-2000人
python开发工程师[武汉·鲁巷],11:55发布,11k-20k,经验1-3年 / 本科,上海望繁信科技有限公司,"人工智能服务,IT技术服务｜咨询,软件服务｜咨询 / A轮 / 50-150人"
JAVA/python/C++编程讲师（上市公司+五险一金）[烟台·毓璜顶],11:47发布,10k-15k,经验不限 / 本科,童程童美,教育 / 上市公司 / 2000人以上
python开发实习生[北京·海淀区],13:54发布,5k-8k,经验在校/应届 / 本科,达观数据,"人工智能服务,数据服务｜咨询 / C轮 / 500-2000人"
python工程师[深圳·大冲],13:43发布,12k-20k,经验1-3年 / 本科,翼果科技,数据服务 / 不需要融资 / 50-150人
python后端开发工程师[杭州·西湖区],13:29发布,15k-30k,经验1-3年 / 本科,涂鸦智能,"物联网,智能硬件 / 上市公司 / 2000人以上"
python后端开发工程师[上海·杨浦区],13:14发布,16k-30k,经验3-5年 / 本科,源杉FIR.ai,"工具类产品,人工智能服务 / 不需要融资 / 15-50人"
高级后端开发工程师/ python开发工程师[北京·大兴区],13:12发布,20k-40k,经验3-5年 / 本科,优解未来,"软件服务｜咨询,人工智能服务,物联网 / 天使轮 / 15-50人"
python爬虫工程师[成都·高新区],13:06发布,12k-20k,经验3-5年 / 本科,购商云汇,电商 / 不需要融资 / 50-150人
python开发工程师[广州·天河区],13:03发布,8k-15k,经验不限 / 本科,德科信息,物联网 / 不需要融资 / 2000人以上
python工程师[上海·静安区],12:58发布,20k-40k,经验3-5年 / 本科,品览Pinlan,"人工智能服务,IT技术服务｜咨询 / A轮 / 150-500人"
Python开发工程师[杭州·西溪],12:19发布,8k-13k,经验不限 / 本科,云迪互联,"软件服务｜咨询,IT技术服务｜咨询,教育｜培训 / 未融资 / 15-50人"
python开发工程师[西安·雁塔区],12:17发布,20k-35k,经验5-10年 / 本科,北京盛安德,"移动互联网,企业服务 / 不需要融资 / 150-500人"
算法工程-Go/Python后端开发(J10997)[上海·张江],12:09发布,35k-60k,经验3-5年 / 本科,叮咚买菜,消费生活 / 上市公司 / 2000人以上
python/爬虫工程师[深圳·大冲],12:05发布,12k-19k,经验3-5年 / 大专,同和科技,"移动互联网,金融 / 不需要融资 / 500-2000人"
python爬虫工程师[北京·海淀区],11:58发布,15k-30k,经验5-10年 / 大专,千里马,专业服务｜咨询 / 不需要融资 / 500-2000人
python开发工程师[武汉·鲁巷],11:55发布,11k-20k,经验1-3年 / 本科,上海望繁信科技有限公司,"人工智能服务,IT技术服务｜咨询,软件服务｜咨询 / A轮 / 50-150人"
JAVA/python/C++编程讲师（上市公司+五险一金）[烟台·毓璜顶],11:47发布,10k-15k,经验不限 / 本科,童程童美,教育 / 上市公司 / 2000人以上
